                  epoch,         train/box_loss,         train/cls_loss,         train/dfl_loss,   metrics/precision(B),      metrics/recall(B),       metrics/mAP50(B),    metrics/mAP50-95(B),           val/box_loss,           val/cls_loss,           val/dfl_loss,                 lr/pg0,                 lr/pg1,                 lr/pg2
                      1,                0.52946,                 0.4478,                0.97012,                0.97811,                  0.956,                0.98461,                0.89425,                 0.4144,                0.25772,                0.79273,              0.0033251,              0.0033251,              0.0033251
                      2,                  0.544,                0.45898,                0.97278,                0.97226,                  0.946,                0.98656,                0.88647,                0.44005,                0.29132,                0.80122,              0.0065925,              0.0065925,              0.0065925
                      3,                0.58928,                 0.5023,                0.99103,                0.97575,                  0.888,                0.96716,                0.83942,                0.53347,                0.38513,                0.84006,              0.0097939,              0.0097939,              0.0097939
                      4,                0.64545,                0.55872,                 1.0228,                  0.971,                0.87062,                0.95561,                0.81867,                 0.5588,                 0.4273,                0.86358,               0.009703,               0.009703,               0.009703
